path	fork_blob
public/favicon.ico	a5fb654e94b49948ec8d94ee2e1a53c9001efa76
public/favicon.png	6bc79baee49a30a07032db2bc2b168a32b096880
public/favicon.svg	9acb8366b1f39d09a59e951de382b069aad1c6a9
public/icon.png	158b47b6a93b23bc73ecaa6c7038080cabfc3b86
public/icons/apple-touch-icon.png	62ec631c36bc0ceb50c9b90541ff7e23258881d5
public/icons/icon-120x120.png	228122bfbc6527e9433b6878d4f8828103f9edb5
public/icons/icon-152x152.png	6f16505bf93d309118ddeef3812272bb9c34801f
public/icons/icon-16x16.png	669eb3e3123be3d562af14a7097ca4cc417c1893
public/icons/icon-180x180.png	93572bae12e6a7061c5db761f1e6c6ae799e6c69
public/icons/icon-192x192.png	71e0deab21fbea8e31664aca719e85730598dd72
public/icons/icon-32x32.png	6bc79baee49a30a07032db2bc2b168a32b096880
public/icons/icon-48x48.png	6cf9fed4063eeb6a4c83354d325a88a53b91092c
public/icons/icon-512x512.png	9a1449774fe223bccc8e75339578d05397a747eb
public/icons/icon-57x57.png	ee31a338fc8460add1b4281154965c31d99b99c9
public/icons/icon-60x60.png	ee790288637cdc25fd1ea968223bcd1427b5376a
public/icons/icon-76x76.png	0941f83c63130d8aa26fecdc50e1630bf5db38cc
public/icons/icon.svg	9acb8366b1f39d09a59e951de382b069aad1c6a9
public/icons/pwa-maskable-192x192.png	46a564475e9170ff408014e124aec48c1b98df94
public/icons/pwa-maskable-512x512.png	158b47b6a93b23bc73ecaa6c7038080cabfc3b86
public/LICENSE.txt	768336f441a95c20dfc85ec4b394057445ee3207
public/.well-known/nostr.json	0eb471381eb59db2d5f77ed57ef8d99ae5742e5e
public/manifest.webmanifest	ae25e85e9767a984d3f56ea72df3657840ae7e15
public/og-image.png	4c59c20c065516b4cdab066a11731f6b11205bdb
